ID_INDICADOR;CODG_UND_MED;VLR_VAR;CODG_UND_FED;DESC_UND_FED;CODG_VAR;CODG_ANO;CODG_SEXO;DESC_SEXO;SUB_INDICADOR
Indicador  3.a.1;2;12.1;1;Brasil;12382;2019;6794;Total;12382
Indicador  3.a.1;2;15.6;1;Brasil;12382;2019;4;Homens;12382
Indicador  3.a.1;2;9.0;1;Brasil;12382;2019;5;Mulheres;12382
Indicador  3.a.1;2;10.0;11;Rondônia;12382;2019;6794;Total;12382
Indicador  3.a.1;2;15.4;11;Rondônia;12382;2019;4;Homens;12382
Indicador  3.a.1;2;4.9;11;Rondônia;12382;2019;5;Mulheres;12382
Indicador  3.a.1;2;14.4;12;Acre;12382;2019;6794;Total;12382
Indicador  3.a.1;2;18.1;12;Acre;12382;2019;4;Homens;12382
Indicador  3.a.1;2;10.7;12;Acre;12382;2019;5;Mulheres;12382
Indicador  3.a.1;2;9.6;13;Amazonas;12382;2019;6794;Total;12382
Indicador  3.a.1;2;14.8;13;Amazonas;12382;2019;4;Homens;12382
Indicador  3.a.1;2;4.5;13;Amazonas;12382;2019;5;Mulheres;12382
Indicador  3.a.1;2;11.0;14;Roraima;12382;2019;6794;Total;12382
Indicador  3.a.1;2;16.0;14;Roraima;12382;2019;4;Homens;12382
Indicador  3.a.1;2;6.2;14;Roraima;12382;2019;5;Mulheres;12382
Indicador  3.a.1;2;9.7;15;Pará;12382;2019;6794;Total;12382
Indicador  3.a.1;2;13.9;15;Pará;12382;2019;4;Homens;12382
Indicador  3.a.1;2;5.9;15;Pará;12382;2019;5;Mulheres;12382
Indicador  3.a.1;2;10.8;16;Amapá;12382;2019;6794;Total;12382
Indicador  3.a.1;2;14.5;16;Amapá;12382;2019;4;Homens;12382
Indicador  3.a.1;2;7.3;16;Amapá;12382;2019;5;Mulheres;12382
Indicador  3.a.1;2;11.8;17;Tocantins;12382;2019;6794;Total;12382
Indicador  3.a.1;2;16.3;17;Tocantins;12382;2019;4;Homens;12382
Indicador  3.a.1;2;7.4;17;Tocantins;12382;2019;5;Mulheres;12382
Indicador  3.a.1;2;10.6;21;Maranhão;12382;2019;6794;Total;12382
Indicador  3.a.1;2;15.2;21;Maranhão;12382;2019;4;Homens;12382
Indicador  3.a.1;2;6.5;21;Maranhão;12382;2019;5;Mulheres;12382
Indicador  3.a.1;2;10.5;22;Piauí;12382;2019;6794;Total;12382
Indicador  3.a.1;2;14.6;22;Piauí;12382;2019;4;Homens;12382
Indicador  3.a.1;2;6.4;22;Piauí;12382;2019;5;Mulheres;12382
Indicador  3.a.1;2;11.4;23;Ceará;12382;2019;6794;Total;12382
Indicador  3.a.1;2;14.2;23;Ceará;12382;2019;4;Homens;12382
Indicador  3.a.1;2;9.0;23;Ceará;12382;2019;5;Mulheres;12382
Indicador  3.a.1;2;10.9;24;Rio Grande do Norte;12382;2019;6794;Total;12382
Indicador  3.a.1;2;15.6;24;Rio Grande do Norte;12382;2019;4;Homens;12382
Indicador  3.a.1;2;6.5;24;Rio Grande do Norte;12382;2019;5;Mulheres;12382
Indicador  3.a.1;2;10.8;25;Paraíba;12382;2019;6794;Total;12382
Indicador  3.a.1;2;13.8;25;Paraíba;12382;2019;4;Homens;12382
Indicador  3.a.1;2;8.1;25;Paraíba;12382;2019;5;Mulheres;12382
Indicador  3.a.1;2;10.8;26;Pernambuco;12382;2019;6794;Total;12382
Indicador  3.a.1;2;14.2;26;Pernambuco;12382;2019;4;Homens;12382
Indicador  3.a.1;2;8.0;26;Pernambuco;12382;2019;5;Mulheres;12382
Indicador  3.a.1;2;9.7;27;Alagoas;12382;2019;6794;Total;12382
Indicador  3.a.1;2;12.7;27;Alagoas;12382;2019;4;Homens;12382
Indicador  3.a.1;2;7.1;27;Alagoas;12382;2019;5;Mulheres;12382
Indicador  3.a.1;2;8.9;28;Sergipe;12382;2019;6794;Total;12382
Indicador  3.a.1;2;11.1;28;Sergipe;12382;2019;4;Homens;12382
Indicador  3.a.1;2;7.0;28;Sergipe;12382;2019;5;Mulheres;12382
Indicador  3.a.1;2;9.1;29;Bahia;12382;2019;6794;Total;12382
Indicador  3.a.1;2;12.5;29;Bahia;12382;2019;4;Homens;12382
Indicador  3.a.1;2;5.9;29;Bahia;12382;2019;5;Mulheres;12382
Indicador  3.a.1;2;12.1;31;Minas Gerais;12382;2019;6794;Total;12382
Indicador  3.a.1;2;15.5;31;Minas Gerais;12382;2019;4;Homens;12382
Indicador  3.a.1;2;8.8;31;Minas Gerais;12382;2019;5;Mulheres;12382
Indicador  3.a.1;2;10.3;32;Espírito Santo;12382;2019;6794;Total;12382
Indicador  3.a.1;2;14.2;32;Espírito Santo;12382;2019;4;Homens;12382
Indicador  3.a.1;2;6.8;32;Espírito Santo;12382;2019;5;Mulheres;12382
Indicador  3.a.1;2;11.3;33;Rio de Janeiro;12382;2019;6794;Total;12382
Indicador  3.a.1;2;13.9;33;Rio de Janeiro;12382;2019;4;Homens;12382
Indicador  3.a.1;2;8.9;33;Rio de Janeiro;12382;2019;5;Mulheres;12382
Indicador  3.a.1;2;13.7;35;São Paulo;12382;2019;6794;Total;12382
Indicador  3.a.1;2;17.2;35;São Paulo;12382;2019;4;Homens;12382
Indicador  3.a.1;2;10.6;35;São Paulo;12382;2019;5;Mulheres;12382
Indicador  3.a.1;2;14.7;41;Paraná;12382;2019;6794;Total;12382
Indicador  3.a.1;2;17.9;41;Paraná;12382;2019;4;Homens;12382
Indicador  3.a.1;2;11.6;41;Paraná;12382;2019;5;Mulheres;12382
Indicador  3.a.1;2;12.5;42;Santa Catarina;12382;2019;6794;Total;12382
Indicador  3.a.1;2;15.6;42;Santa Catarina;12382;2019;4;Homens;12382
Indicador  3.a.1;2;9.5;42;Santa Catarina;12382;2019;5;Mulheres;12382
Indicador  3.a.1;2;15.4;43;Rio Grande do Sul;12382;2019;6794;Total;12382
Indicador  3.a.1;2;18.1;43;Rio Grande do Sul;12382;2019;4;Homens;12382
Indicador  3.a.1;2;12.8;43;Rio Grande do Sul;12382;2019;5;Mulheres;12382
Indicador  3.a.1;2;15.7;50;Mato Grosso do Sul;12382;2019;6794;Total;12382
Indicador  3.a.1;2;19.9;50;Mato Grosso do Sul;12382;2019;4;Homens;12382
Indicador  3.a.1;2;12.1;50;Mato Grosso do Sul;12382;2019;5;Mulheres;12382
Indicador  3.a.1;2;12.6;51;Mato Grosso;12382;2019;6794;Total;12382
Indicador  3.a.1;2;15.3;51;Mato Grosso;12382;2019;4;Homens;12382
Indicador  3.a.1;2;10.0;51;Mato Grosso;12382;2019;5;Mulheres;12382
Indicador  3.a.1;2;13.3;52;Goiás;12382;2019;6794;Total;12382
Indicador  3.a.1;2;17.7;52;Goiás;12382;2019;4;Homens;12382
Indicador  3.a.1;2;9.0;52;Goiás;12382;2019;5;Mulheres;12382
Indicador  3.a.1;2;11.2;53;Distrito Federal;12382;2019;6794;Total;12382
Indicador  3.a.1;2;14.4;53;Distrito Federal;12382;2019;4;Homens;12382
Indicador  3.a.1;2;8.5;53;Distrito Federal;12382;2019;5;Mulheres;12382
Indicador  3.a.1;2;11.7;1;Brasil;12360;2019;6794;Total;12360
Indicador  3.a.1;2;14.9;1;Brasil;12360;2019;4;Homens;12360
Indicador  3.a.1;2;8.5;1;Brasil;12360;2019;5;Mulheres;12360
Indicador  3.a.1;2;8.6;11;Rondônia;12360;2019;6794;Total;12360
Indicador  3.a.1;2;13.2;11;Rondônia;12360;2019;4;Homens;12360
Indicador  3.a.1;2;3.5;11;Rondônia;12360;2019;5;Mulheres;12360
Indicador  3.a.1;2;12.7;12;Acre;12360;2019;6794;Total;12360
Indicador  3.a.1;2;15.5;12;Acre;12360;2019;4;Homens;12360
Indicador  3.a.1;2;8.8;12;Acre;12360;2019;5;Mulheres;12360
Indicador  3.a.1;2;8.5;13;Amazonas;12360;2019;6794;Total;12360
Indicador  3.a.1;2;12.8;13;Amazonas;12360;2019;4;Homens;12360
Indicador  3.a.1;2;3.6;13;Amazonas;12360;2019;5;Mulheres;12360
Indicador  3.a.1;2;9.4;14;Roraima;12360;2019;6794;Total;12360
Indicador  3.a.1;2;13.5;14;Roraima;12360;2019;4;Homens;12360
Indicador  3.a.1;2;4.8;14;Roraima;12360;2019;5;Mulheres;12360
Indicador  3.a.1;2;8.4;15;Pará;12360;2019;6794;Total;12360
Indicador  3.a.1;2;12.0;15;Pará;12360;2019;4;Homens;12360
Indicador  3.a.1;2;4.5;15;Pará;12360;2019;5;Mulheres;12360
Indicador  3.a.1;2;8.8;16;Amapá;12360;2019;6794;Total;12360
Indicador  3.a.1;2;11.3;16;Amapá;12360;2019;4;Homens;12360
Indicador  3.a.1;2;5.2;16;Amapá;12360;2019;5;Mulheres;12360
Indicador  3.a.1;2;10.0;17;Tocantins;12360;2019;6794;Total;12360
Indicador  3.a.1;2;13.3;17;Tocantins;12360;2019;4;Homens;12360
Indicador  3.a.1;2;5.7;17;Tocantins;12360;2019;5;Mulheres;12360
Indicador  3.a.1;2;9.6;21;Maranhão;12360;2019;6794;Total;12360
Indicador  3.a.1;2;13.5;21;Maranhão;12360;2019;4;Homens;12360
Indicador  3.a.1;2;5.5;21;Maranhão;12360;2019;5;Mulheres;12360
Indicador  3.a.1;2;9.2;22;Piauí;12360;2019;6794;Total;12360
Indicador  3.a.1;2;12.4;22;Piauí;12360;2019;4;Homens;12360
Indicador  3.a.1;2;4.9;22;Piauí;12360;2019;5;Mulheres;12360
Indicador  3.a.1;2;10.3;23;Ceará;12360;2019;6794;Total;12360
Indicador  3.a.1;2;12.4;23;Ceará;12360;2019;4;Homens;12360
Indicador  3.a.1;2;7.7;23;Ceará;12360;2019;5;Mulheres;12360
Indicador  3.a.1;2;9.2;24;Rio Grande do Norte;12360;2019;6794;Total;12360
Indicador  3.a.1;2;13.0;24;Rio Grande do Norte;12360;2019;4;Homens;12360
Indicador  3.a.1;2;5.2;24;Rio Grande do Norte;12360;2019;5;Mulheres;12360
Indicador  3.a.1;2;9.4;25;Paraíba;12360;2019;6794;Total;12360
Indicador  3.a.1;2;11.4;25;Paraíba;12360;2019;4;Homens;12360
Indicador  3.a.1;2;6.8;25;Paraíba;12360;2019;5;Mulheres;12360
Indicador  3.a.1;2;9.4;26;Pernambuco;12360;2019;6794;Total;12360
Indicador  3.a.1;2;11.4;26;Pernambuco;12360;2019;4;Homens;12360
Indicador  3.a.1;2;6.8;26;Pernambuco;12360;2019;5;Mulheres;12360
Indicador  3.a.1;2;8.5;27;Alagoas;12360;2019;6794;Total;12360
Indicador  3.a.1;2;10.7;27;Alagoas;12360;2019;4;Homens;12360
Indicador  3.a.1;2;6.0;27;Alagoas;12360;2019;5;Mulheres;12360
Indicador  3.a.1;2;7.7;28;Sergipe;12360;2019;6794;Total;12360
Indicador  3.a.1;2;9.1;28;Sergipe;12360;2019;4;Homens;12360
Indicador  3.a.1;2;5.6;28;Sergipe;12360;2019;5;Mulheres;12360
Indicador  3.a.1;2;7.8;29;Bahia;12360;2019;6794;Total;12360
Indicador  3.a.1;2;10.5;29;Bahia;12360;2019;4;Homens;12360
Indicador  3.a.1;2;4.7;29;Bahia;12360;2019;5;Mulheres;12360
Indicador  3.a.1;2;10.9;31;Minas Gerais;12360;2019;6794;Total;12360
Indicador  3.a.1;2;13.5;31;Minas Gerais;12360;2019;4;Homens;12360
Indicador  3.a.1;2;7.5;31;Minas Gerais;12360;2019;5;Mulheres;12360
Indicador  3.a.1;2;9.0;32;Espírito Santo;12360;2019;6794;Total;12360
Indicador  3.a.1;2;12.0;32;Espírito Santo;12360;2019;4;Homens;12360
Indicador  3.a.1;2;5.5;32;Espírito Santo;12360;2019;5;Mulheres;12360
Indicador  3.a.1;2;10.1;33;Rio de Janeiro;12360;2019;6794;Total;12360
Indicador  3.a.1;2;12.1;33;Rio de Janeiro;12360;2019;4;Homens;12360
Indicador  3.a.1;2;7.6;33;Rio de Janeiro;12360;2019;5;Mulheres;12360
Indicador  3.a.1;2;12.5;35;São Paulo;12360;2019;6794;Total;12360
Indicador  3.a.1;2;15.2;35;São Paulo;12360;2019;4;Homens;12360
Indicador  3.a.1;2;9.3;35;São Paulo;12360;2019;5;Mulheres;12360
Indicador  3.a.1;2;12.9;41;Paraná;12360;2019;6794;Total;12360
Indicador  3.a.1;2;15.3;41;Paraná;12360;2019;4;Homens;12360
Indicador  3.a.1;2;9.7;41;Paraná;12360;2019;5;Mulheres;12360
Indicador  3.a.1;2;11.0;42;Santa Catarina;12360;2019;6794;Total;12360
Indicador  3.a.1;2;13.4;42;Santa Catarina;12360;2019;4;Homens;12360
Indicador  3.a.1;2;7.9;42;Santa Catarina;12360;2019;5;Mulheres;12360
Indicador  3.a.1;2;13.7;43;Rio Grande do Sul;12360;2019;6794;Total;12360
Indicador  3.a.1;2;15.2;43;Rio Grande do Sul;12360;2019;4;Homens;12360
Indicador  3.a.1;2;11.0;43;Rio Grande do Sul;12360;2019;5;Mulheres;12360
Indicador  3.a.1;2;14.0;50;Mato Grosso do Sul;12360;2019;6794;Total;12360
Indicador  3.a.1;2;17.2;50;Mato Grosso do Sul;12360;2019;4;Homens;12360
Indicador  3.a.1;2;10.3;50;Mato Grosso do Sul;12360;2019;5;Mulheres;12360
Indicador  3.a.1;2;10.9;51;Mato Grosso;12360;2019;6794;Total;12360
Indicador  3.a.1;2;12.6;51;Mato Grosso;12360;2019;4;Homens;12360
Indicador  3.a.1;2;7.7;51;Mato Grosso;12360;2019;5;Mulheres;12360
Indicador  3.a.1;2;11.6;52;Goiás;12360;2019;6794;Total;12360
Indicador  3.a.1;2;14.9;52;Goiás;12360;2019;4;Homens;12360
Indicador  3.a.1;2;7.1;52;Goiás;12360;2019;5;Mulheres;12360
Indicador  3.a.1;2;9.6;53;Distrito Federal;12360;2019;6794;Total;12360
Indicador  3.a.1;2;12.0;53;Distrito Federal;12360;2019;4;Homens;12360
Indicador  3.a.1;2;6.7;53;Distrito Federal;12360;2019;5;Mulheres;12360
Indicador  3.a.1;2;12.5;1;Brasil;12361;2019;6794;Total;12361
Indicador  3.a.1;2;16.3;1;Brasil;12361;2019;4;Homens;12361
Indicador  3.a.1;2;9.4;1;Brasil;12361;2019;5;Mulheres;12361
Indicador  3.a.1;2;11.6;11;Rondônia;12361;2019;6794;Total;12361
Indicador  3.a.1;2;17.9;11;Rondônia;12361;2019;4;Homens;12361
Indicador  3.a.1;2;6.7;11;Rondônia;12361;2019;5;Mulheres;12361
Indicador  3.a.1;2;16.3;12;Acre;12361;2019;6794;Total;12361
Indicador  3.a.1;2;21.0;12;Acre;12361;2019;4;Homens;12361
Indicador  3.a.1;2;13.0;12;Acre;12361;2019;5;Mulheres;12361
Indicador  3.a.1;2;10.9;13;Amazonas;12361;2019;6794;Total;12361
Indicador  3.a.1;2;17.2;13;Amazonas;12361;2019;4;Homens;12361
Indicador  3.a.1;2;5.6;13;Amazonas;12361;2019;5;Mulheres;12361
Indicador  3.a.1;2;12.8;14;Roraima;12361;2019;6794;Total;12361
Indicador  3.a.1;2;19.0;14;Roraima;12361;2019;4;Homens;12361
Indicador  3.a.1;2;7.9;14;Roraima;12361;2019;5;Mulheres;12361
Indicador  3.a.1;2;11.1;15;Pará;12361;2019;6794;Total;12361
Indicador  3.a.1;2;16.1;15;Pará;12361;2019;4;Homens;12361
Indicador  3.a.1;2;7.6;15;Pará;12361;2019;5;Mulheres;12361
Indicador  3.a.1;2;13.1;16;Amapá;12361;2019;6794;Total;12361
Indicador  3.a.1;2;18.4;16;Amapá;12361;2019;4;Homens;12361
Indicador  3.a.1;2;10.0;16;Amapá;12361;2019;5;Mulheres;12361
Indicador  3.a.1;2;13.9;17;Tocantins;12361;2019;6794;Total;12361
Indicador  3.a.1;2;19.9;17;Tocantins;12361;2019;4;Homens;12361
Indicador  3.a.1;2;9.5;17;Tocantins;12361;2019;5;Mulheres;12361
Indicador  3.a.1;2;11.7;21;Maranhão;12361;2019;6794;Total;12361
Indicador  3.a.1;2;17.0;21;Maranhão;12361;2019;4;Homens;12361
Indicador  3.a.1;2;7.6;21;Maranhão;12361;2019;5;Mulheres;12361
Indicador  3.a.1;2;12.0;22;Piauí;12361;2019;6794;Total;12361
Indicador  3.a.1;2;17.1;22;Piauí;12361;2019;4;Homens;12361
Indicador  3.a.1;2;8.3;22;Piauí;12361;2019;5;Mulheres;12361
Indicador  3.a.1;2;12.6;23;Ceará;12361;2019;6794;Total;12361
Indicador  3.a.1;2;16.2;23;Ceará;12361;2019;4;Homens;12361
Indicador  3.a.1;2;10.5;23;Ceará;12361;2019;5;Mulheres;12361
Indicador  3.a.1;2;12.9;24;Rio Grande do Norte;12361;2019;6794;Total;12361
Indicador  3.a.1;2;18.6;24;Rio Grande do Norte;12361;2019;4;Homens;12361
Indicador  3.a.1;2;8.1;24;Rio Grande do Norte;12361;2019;5;Mulheres;12361
Indicador  3.a.1;2;12.5;25;Paraíba;12361;2019;6794;Total;12361
Indicador  3.a.1;2;16.5;25;Paraíba;12361;2019;4;Homens;12361
Indicador  3.a.1;2;9.6;25;Paraíba;12361;2019;5;Mulheres;12361
Indicador  3.a.1;2;12.4;26;Pernambuco;12361;2019;6794;Total;12361
Indicador  3.a.1;2;17.6;26;Pernambuco;12361;2019;4;Homens;12361
Indicador  3.a.1;2;9.5;26;Pernambuco;12361;2019;5;Mulheres;12361
Indicador  3.a.1;2;11.0;27;Alagoas;12361;2019;6794;Total;12361
Indicador  3.a.1;2;14.8;27;Alagoas;12361;2019;4;Homens;12361
Indicador  3.a.1;2;8.4;27;Alagoas;12361;2019;5;Mulheres;12361
Indicador  3.a.1;2;10.4;28;Sergipe;12361;2019;6794;Total;12361
Indicador  3.a.1;2;13.4;28;Sergipe;12361;2019;4;Homens;12361
Indicador  3.a.1;2;8.7;28;Sergipe;12361;2019;5;Mulheres;12361
Indicador  3.a.1;2;10.7;29;Bahia;12361;2019;6794;Total;12361
Indicador  3.a.1;2;14.9;29;Bahia;12361;2019;4;Homens;12361
Indicador  3.a.1;2;7.4;29;Bahia;12361;2019;5;Mulheres;12361
Indicador  3.a.1;2;13.4;31;Minas Gerais;12361;2019;6794;Total;12361
Indicador  3.a.1;2;17.7;31;Minas Gerais;12361;2019;4;Homens;12361
Indicador  3.a.1;2;10.3;31;Minas Gerais;12361;2019;5;Mulheres;12361
Indicador  3.a.1;2;11.8;32;Espírito Santo;12361;2019;6794;Total;12361
Indicador  3.a.1;2;16.7;32;Espírito Santo;12361;2019;4;Homens;12361
Indicador  3.a.1;2;8.4;32;Espírito Santo;12361;2019;5;Mulheres;12361
Indicador  3.a.1;2;12.5;33;Rio de Janeiro;12361;2019;6794;Total;12361
Indicador  3.a.1;2;15.9;33;Rio de Janeiro;12361;2019;4;Homens;12361
Indicador  3.a.1;2;10.3;33;Rio de Janeiro;12361;2019;5;Mulheres;12361
Indicador  3.a.1;2;15.1;35;São Paulo;12361;2019;6794;Total;12361
Indicador  3.a.1;2;19.4;35;São Paulo;12361;2019;4;Homens;12361
Indicador  3.a.1;2;12.2;35;São Paulo;12361;2019;5;Mulheres;12361
Indicador  3.a.1;2;16.6;41;Paraná;12361;2019;6794;Total;12361
Indicador  3.a.1;2;20.9;41;Paraná;12361;2019;4;Homens;12361
Indicador  3.a.1;2;13.8;41;Paraná;12361;2019;5;Mulheres;12361
Indicador  3.a.1;2;14.3;42;Santa Catarina;12361;2019;6794;Total;12361
Indicador  3.a.1;2;18.2;42;Santa Catarina;12361;2019;4;Homens;12361
Indicador  3.a.1;2;11.4;42;Santa Catarina;12361;2019;5;Mulheres;12361
Indicador  3.a.1;2;17.3;43;Rio Grande do Sul;12361;2019;6794;Total;12361
Indicador  3.a.1;2;21.4;43;Rio Grande do Sul;12361;2019;4;Homens;12361
Indicador  3.a.1;2;14.9;43;Rio Grande do Sul;12361;2019;5;Mulheres;12361
Indicador  3.a.1;2;17.7;50;Mato Grosso do Sul;12361;2019;6794;Total;12361
Indicador  3.a.1;2;22.9;50;Mato Grosso do Sul;12361;2019;4;Homens;12361
Indicador  3.a.1;2;14.0;50;Mato Grosso do Sul;12361;2019;5;Mulheres;12361
Indicador  3.a.1;2;14.5;51;Mato Grosso;12361;2019;6794;Total;12361
Indicador  3.a.1;2;18.3;51;Mato Grosso;12361;2019;4;Homens;12361
Indicador  3.a.1;2;12.8;51;Mato Grosso;12361;2019;5;Mulheres;12361
Indicador  3.a.1;2;15.1;52;Goiás;12361;2019;6794;Total;12361
Indicador  3.a.1;2;20.9;52;Goiás;12361;2019;4;Homens;12361
Indicador  3.a.1;2;11.3;52;Goiás;12361;2019;5;Mulheres;12361
Indicador  3.a.1;2;13.0;53;Distrito Federal;12361;2019;6794;Total;12361
Indicador  3.a.1;2;17.2;53;Distrito Federal;12361;2019;4;Homens;12361
Indicador  3.a.1;2;10.8;53;Distrito Federal;12361;2019;5;Mulheres;12361
